14:11:39.804, so.fe, false
14:11:39.808, so.su, false
14:11:39.814, s.sf, false
14:11:39.821, spid.nto, false
14:11:39.827, r.s, Disabled
14:11:39.833, lms.s, false
14:11:39.837, i.jy, 0.0
14:11:39.843, i.jx, -0.0
14:11:39.849, dt.rps, 0.0
14:11:39.854, spid.vsp, -0.94
14:11:39.861, dt.rsp, -0.0
14:11:39.867, i.ld, false
14:11:39.873, s.aest, -1486453.0
14:11:39.879, i.su, false
14:11:39.885, i.ssu, false
14:11:39.892, s.hf, false
14:11:39.898, i.ljs, 0.0
14:11:39.902, dt.le, 0.0
14:11:39.905, dt.re, 0.0
14:11:39.911, i.sf, false
14:11:39.919, so.lu, false
14:11:39.925, i.sd, false
14:11:39.928, i.ssd, false
14:11:39.934, so.sbrun, true
14:11:39.941, so.sbu, false
14:11:39.943, s.m, -6.492692310456547E-106
14:11:39.949, i.rjs, 0.0
14:11:39.955, dt.lps, 0.0
14:11:39.957, s.aes, 0.0
14:11:39.962, so.lbu, false
14:11:39.964, s.sp, 0.0
14:11:39.970, so.fbe, false
14:11:39.972, i.lu, false
14:11:39.978, l.sl, true
14:15:35.491, so.fe, false
14:15:35.501, so.su, false
14:15:35.503, s.sf, false
14:15:35.504, spid.nto, false
14:15:35.506, r.s, Disabled
14:15:35.508, lms.s, false
14:15:35.509, i.jy, 0.0
14:15:35.511, i.jx, -0.0
14:15:35.513, dt.rps, 0.0
14:15:35.514, spid.vsp, 0.0
14:15:35.516, dt.rsp, -0.0
14:15:35.517, i.ld, false
14:15:35.519, s.aest, -1486453.0
14:15:35.523, i.su, false
14:15:35.524, i.ssu, false
14:15:35.532, s.hf, false
14:15:35.533, i.ljs, 0.0
14:15:35.535, dt.le, 0.0
14:15:35.536, dt.re, 0.0
14:15:35.538, i.sf, false
14:15:35.539, i.sd, false
14:15:35.541, so.lu, false
14:15:35.542, i.ssd, false
14:15:35.544, so.sbu, false
14:15:35.545, so.sbrun, true
14:15:35.547, i.rjs, 0.0
14:15:35.551, s.m, -6.492692310456547E-106
14:15:35.555, s.aes, 0.0
14:15:35.557, dt.lps, 0.0
14:15:35.559, so.lbu, false
14:15:35.561, so.fbe, false
14:15:35.565, s.sp, 0.0
14:15:35.567, i.lu, false
14:15:35.568, l.sl, true
14:15:35.591, r.s, Disabled
14:15:39.503, s.aest, 0.0
14:15:39.505, s.m, 0.0
14:15:41.104, s.sp, -0.92
14:15:41.107, s.aes, -0.1514999999999965
14:15:41.111, s.aest, -162.0
14:15:41.113, s.m, -10.76770500000001
14:15:41.115, so.sbu, true
14:15:41.118, so.su, true
14:15:41.405, s.aes, -0.5805000000000123
14:15:41.406, s.aest, -2358.0
14:15:41.410, s.m, -5.545997842418834
14:15:41.605, s.aes, -0.8479999999999803
14:15:41.608, s.aest, -6033.0
14:15:41.611, s.m, -1.8211148826967274
14:15:41.806, s.aes, -0.9174999999999788
14:15:41.807, s.aest, -10660.0
14:15:41.811, s.m, -0.1580640459396691
14:15:42.006, s.aes, -0.907999999999979
14:15:42.008, s.aest, -15093.0
14:15:42.011, s.m, -0.5636293531271568
14:15:42.206, s.aes, -0.8905000000000189
14:15:42.207, s.aest, -19600.0
14:15:42.212, s.m, -0.49993473711235126
14:15:42.406, s.aes, -0.9030000000000192
14:15:42.407, s.aest, -24080.0
14:15:42.411, s.m, -0.49164053334979696
14:15:42.606, s.aes, -0.8909999999999795
14:15:42.607, s.aest, -28560.0
14:15:42.611, s.m, -0.5530837333148684
14:15:42.806, s.aes, -0.8949999999999794
14:15:42.807, s.aest, -33051.0
14:15:42.811, s.m, -0.5219364987697772
14:15:43.006, s.aes, -0.8899999999999795
14:15:43.007, s.aest, -37533.0
14:15:43.011, s.m, -0.5310903375366288
14:15:43.206, s.aes, -0.9025000000000192
14:15:43.207, s.aest, -42018.0
14:15:43.211, s.m, -0.5024672689960553
14:15:43.406, s.aes, -0.8930000000000191
14:15:43.407, s.aest, -46500.0
14:15:43.411, s.m, -0.5420453425197448
14:15:43.606, s.aes, -0.8850000000000189
14:15:43.607, s.aest, -50985.0
14:15:43.611, s.m, -0.554863340549653
14:15:43.806, s.aes, -0.8950000000000191
14:15:43.807, s.aest, -55471.0
14:15:43.811, s.m, -0.5161255560374193
14:15:44.006, s.aes, -0.8880000000000189
14:15:44.007, s.aest, -59952.0
14:15:44.011, s.m, -0.5387160063325555
14:15:44.206, s.aes, -0.8965000000000191
14:15:44.207, s.aest, -64436.0
14:15:44.210, s.m, -0.5211893579686822
14:15:44.406, s.aes, -0.8984999999999393
14:15:44.408, s.aest, -68918.0
14:15:44.409, s.m, -0.5264035271918692
14:15:44.606, s.aes, -0.891500000000019
14:15:44.608, s.aest, -73400.0
14:15:44.611, s.m, -0.5299386968179388
14:15:44.806, s.aes, -0.8970000000000191
14:15:44.807, s.aest, -77883.0
14:15:44.825, s.m, -0.5239265110011093
14:15:45.006, s.aes, -0.8920000000000191
14:15:45.009, s.aest, -82366.0
14:15:45.012, s.m, -0.5341150675359823
14:15:45.206, s.aest, -86845.0
14:15:45.207, s.m, -0.5338430444520127
14:15:45.210, so.fbe, true
14:15:45.211, so.fe, true
14:15:45.212, i.sf, true
14:15:45.406, s.aes, -0.8974999999999395
14:15:45.407, s.aest, -91330.0
14:15:45.410, s.m, -0.5217869989152587
14:15:45.411, so.fbe, false
14:15:45.412, so.fe, false
14:15:45.413, i.sf, false
14:15:45.607, s.aes, -0.8940000000000191
14:15:45.608, s.aest, -95810.0
14:15:45.611, s.m, -0.5418540200467432
14:15:45.807, s.aes, -0.8960000000000191
14:15:45.808, s.aest, -100293.0
14:15:45.811, s.m, -0.5363709852832089
14:15:46.007, s.aes, -0.8920000000000191
14:15:46.008, s.aest, -104776.0
14:15:46.011, s.m, -0.5569595922974422
14:15:46.207, s.aes, -0.8935000000000191
14:15:46.208, s.aest, -109260.0
14:15:46.211, s.m, -0.516848247000291
14:15:46.407, s.aes, -0.8869999999999402
14:15:46.408, s.aest, -113739.0
14:15:46.411, s.m, -0.5409415164810671
14:15:46.607, s.aes, -0.9090000000000193
14:15:46.608, s.aest, -118231.0
14:15:46.611, s.m, -0.413336566289674
14:15:46.807, s.aes, -0.8920000000000191
14:15:46.808, s.aest, -122700.0
14:15:46.811, s.m, -0.5619256022562459
14:15:47.007, s.aes, -0.8900000000000189
14:15:47.008, s.aest, -127188.0
14:15:47.011, s.m, -0.5472243209963381
14:15:47.207, s.aes, -0.8965000000000191
14:15:47.208, s.aest, -131669.0
14:15:47.211, s.m, -0.5185130881924325
14:15:47.408, s.aes, -0.9014999999999391
14:15:47.409, s.aest, -136153.0
14:15:47.412, s.m, -0.5101505279791
14:15:47.414, so.fbe, true
14:15:47.415, so.fe, true
14:15:47.416, i.sf, true
14:15:47.609, s.aes, -0.8970000000000191
14:15:47.610, s.aest, -140630.0
14:15:47.611, s.m, -0.5376139170667266
14:15:47.809, s.aes, -0.8960000000000191
14:15:47.810, s.aest, -145112.0
14:15:47.813, s.m, -0.5473715053002416
14:15:47.815, so.fbe, false
14:15:47.816, so.fe, false
14:15:47.820, i.sf, false
14:15:48.011, s.aes, -0.8905000000000189
14:15:48.012, s.aest, -149590.0
14:15:48.015, s.m, -0.5469025331542217
14:15:48.211, s.aes, -0.9040000000000192
14:15:48.212, s.aest, -154077.0
14:15:48.215, s.m, -0.4650184446867643
14:15:48.412, s.aes, -0.9004999999999391
14:15:48.413, s.aest, -158549.0
14:15:48.416, s.m, -0.527281535530281
14:15:48.612, s.aes, -0.8900000000000189
14:15:48.613, s.aest, -163028.0
14:15:48.614, s.m, -0.5462447534347157
14:15:48.812, s.aes, -0.9060000000000193
14:15:48.813, s.aest, -167514.0
14:15:48.817, s.m, -0.4428845700632537
14:15:49.012, s.aes, -0.8940000000000191
14:15:49.013, s.aest, -171990.0
14:15:49.016, s.m, -0.5589499495388518
14:15:49.212, s.aes, -0.9342105263157832
14:15:49.213, s.aest, -176476.0
14:15:49.217, s.m, -0.4528028447132001
14:15:49.412, s.aes, -0.8979999999999393
14:15:49.413, s.aest, -180950.0
14:15:49.416, s.m, -0.49249075280105714
14:15:49.612, s.aes, -0.8990000000000192
14:15:49.613, s.aest, -185425.0
14:15:49.616, s.m, -0.5207834242282788
14:15:49.812, s.aes, -0.8950000000000191
14:15:49.813, s.aest, -189907.0
14:15:49.816, s.m, -0.5327552741512954
14:15:49.817, so.fbe, true
14:15:49.818, so.fe, true
14:15:49.818, i.sf, true
14:15:50.013, s.aes, -0.9010000000000192
14:15:50.014, s.aest, -194394.0
14:15:50.017, s.m, -0.42211895452485626
14:15:50.018, so.sbu, false
14:15:50.019, so.fbe, false
14:15:50.020, so.su, false
14:15:50.021, so.fe, false
14:15:50.025, i.sf, false
14:15:50.214, s.aes, -0.8920000000000191
14:15:50.215, s.aest, -198859.0
14:15:50.218, s.m, -0.5667541012352085
14:15:50.414, s.aes, -0.8944999999999396
14:15:50.415, s.aest, -203344.0
14:15:50.418, s.m, -0.49153616277767287
14:15:50.613, s.aes, -0.8945000000000191
14:15:50.615, s.aest, -207814.0
14:15:50.619, s.m, -0.5325565188747023
14:15:50.814, s.aes, -0.8960000000000191
14:15:50.815, s.aest, -212299.0
14:15:50.819, s.m, -0.5167721311446476
14:15:51.014, s.aes, -0.8930000000000191
14:15:51.015, s.aest, -216778.0
14:15:51.018, s.m, -0.5059953991043421
14:15:51.213, s.aes, -0.8690476190476597
14:15:51.215, s.aest, -221254.0
14:15:51.217, s.m, -0.6097283464966277
14:15:51.414, s.aes, -0.8566666666666343
14:15:51.415, s.aest, -225729.0
14:15:51.418, s.m, -0.6842067610571722
14:16:00.913, r.s, Teleop
14:16:00.914, s.aes, -0.44135424472754514
14:16:00.915, s.aest, -332826.0
14:16:00.918, s.m, -2.183471247502019
14:16:00.919, so.sbrun, false
14:16:01.116, s.aes, -0.45750000000000973
14:16:01.117, s.aest, -334277.0
14:16:01.118, s.m, -6.784817366715704
14:16:01.317, s.aes, -0.7475000000000158
14:16:01.318, s.aest, -337427.0
14:16:01.319, s.m, -3.113370595174247
14:16:01.521, s.aes, -0.9554999999998507
14:16:01.522, s.aest, -341806.0
14:16:01.525, s.m, -0.2558313923033384
14:16:01.721, s.aes, -0.8805000000000188
14:16:01.722, s.aest, -346294.0
14:16:01.723, s.m, -0.6856385151005979
14:16:01.921, s.aes, -0.8950000000000191
14:16:01.923, s.aest, -350789.0
14:16:01.926, s.m, -0.4933171429706763
14:16:02.121, s.aes, -0.8995000000000192
14:16:02.122, s.aest, -355266.0
14:16:02.125, s.m, -0.5309286541494039
14:16:02.321, s.aes, -0.9055000000000194
14:16:02.322, s.aest, -359754.0
14:16:02.325, s.m, -0.4979915309122971
14:16:02.521, s.aes, -0.8994999999998594
14:16:02.522, s.aest, -364233.0
14:16:02.525, s.m, -0.4998711081122128
14:16:02.721, s.aes, -0.9030000000000192
14:16:02.722, s.aest, -368708.0
14:16:02.725, s.m, -0.5297168811851279
14:16:02.921, s.aes, -0.8875000000000189
14:16:02.922, s.aest, -373193.0
14:16:02.925, s.m, -0.5253851364159309
14:16:03.121, s.aes, -0.8985000000000192
14:16:03.122, s.aest, -377670.0
14:16:03.125, s.m, -0.5282718772464942
14:16:03.321, s.aes, -0.8960000000000191
14:16:03.322, s.aest, -382151.0
14:16:03.323, s.m, -0.5310182077637073
14:16:03.521, s.aes, -0.8944999999998602
14:16:03.522, s.aest, -386630.0
14:16:03.523, s.m, -0.5446757748801847
14:16:03.721, s.aes, -0.9060000000000193
14:16:03.722, s.aest, -391112.0
14:16:03.725, s.m, -0.5048214283690432
14:16:03.921, s.aes, -0.8885000000000189
14:16:03.922, s.aest, -395585.0
14:16:03.923, s.m, -0.5806062385721307
14:16:04.121, s.aes, -0.8940000000000191
14:16:04.122, s.aest, -400071.0
14:16:04.125, s.m, -0.5293984285546576
14:16:04.321, s.aes, -0.8830000000000188
14:16:04.322, s.aest, -404545.0
14:16:04.323, s.m, -0.5649442066767096
14:16:04.521, s.aes, -0.8964999999998599
14:16:04.522, s.aest, -409028.0
14:16:04.523, s.m, -0.5370955347873624
14:16:04.721, s.aes, -0.9065000000000194
14:16:04.722, s.aest, -413516.0
14:16:04.723, s.m, -0.487554177033273
14:16:04.921, s.aes, -0.8920000000000191
14:16:04.922, s.aest, -417987.0
14:16:04.923, s.m, -0.529423284539038
14:16:05.122, s.aes, -0.8990000000000192
14:16:05.123, s.aest, -422461.0
14:16:05.124, s.m, -0.5519567183049003
14:16:05.322, s.aes, -0.9000000000000192
14:16:05.323, s.aest, -426947.0
14:16:05.324, s.m, -0.5205954360568812
14:16:05.521, s.aes, -0.8994999999998594
14:16:05.522, s.aest, -431425.0
14:16:05.523, s.m, -0.5127593442062461
14:16:05.721, s.aes, -0.8945000000000191
14:16:05.722, s.aest, -435899.0
14:16:05.723, s.m, -0.5514495042869839
14:16:05.922, s.aes, -0.8960000000000191
14:16:05.923, s.aest, -440382.0
14:16:05.924, s.m, -0.5116246304510041
14:16:06.121, s.aes, -0.8945000000000191
14:16:06.122, s.aest, -444852.0
14:16:06.123, s.m, -0.5504055196278623
14:16:06.321, s.aes, -0.8990000000000192
14:16:06.322, s.aest, -449334.0
14:16:06.323, s.m, -0.538675004956127
14:16:06.522, s.aes, -0.8929999999998605
14:16:06.524, s.aest, -453812.0
14:16:06.525, s.m, -0.5371966768039056
14:16:06.721, s.aes, -0.891500000000019
14:16:06.723, s.aest, -458288.0
14:16:06.724, s.m, -0.5493685927486549
14:16:06.921, s.aes, -0.8757142857142525
14:16:06.923, s.aest, -462781.0
14:16:06.923, s.m, -0.6070747868490125
14:16:07.121, s.aes, -0.8860000000000189
14:16:07.122, s.aest, -467241.0
14:16:07.132, s.m, -0.5697548580397525
14:16:07.321, s.aes, -0.8995000000000192
14:16:07.322, s.aest, -471723.0
14:16:07.323, s.m, -0.5269279252415908
14:16:07.521, s.aes, -0.888999999999861
14:16:07.522, s.aest, -476197.0
14:16:07.523, s.m, -0.579818573330289
14:16:07.721, s.aes, -0.8915000000001774
14:16:07.722, s.aest, -480679.0
14:16:07.723, s.m, -0.5470921152270039
14:16:07.921, s.aes, -0.8914999999998606
14:16:07.922, s.aest, -485159.0
14:16:07.923, s.m, -0.5244682557834458
14:16:08.121, s.aes, -0.9114999999998575
14:16:08.122, s.aest, -489642.0
14:16:08.123, s.m, -0.45439329306537546
14:16:08.290, spid.nto, true
14:16:08.291, spid.vsp, 0.0
14:16:08.321, s.aes, -0.8860000000001762
14:16:08.322, s.aest, -494106.0
14:16:08.322, s.m, -0.5749366415892709
14:16:08.423, spid.nto, true
14:16:08.424, spid.vsp, 0.0
14:16:08.524, s.sp, 0.0
14:16:08.525, s.aes, -0.7674999999998801
14:16:08.526, s.aest, -498498.0
14:16:08.528, s.m, 10.589397759106962
14:16:08.724, s.aes, -0.4560000000000907
14:16:08.725, s.aest, -501175.0
14:16:08.726, s.m, 6.066334998347886
14:16:08.924, s.aes, -0.4389999999999314
14:16:08.925, s.aest, -503418.0
14:16:08.926, s.m, 5.572494829368454
14:16:09.124, s.aes, -0.4294999999999328
14:16:09.125, s.aest, -505591.0
14:16:09.126, s.m, 5.414409634063856
14:16:09.325, s.aes, -0.39904761904773894
14:16:09.326, s.aest, -507689.0
14:16:09.327, s.m, 5.150890918698048
14:16:09.526, s.aes, -0.3890476190476043
14:16:09.528, s.aest, -509716.0
14:16:09.528, s.m, 4.9861200268214425
14:16:09.726, s.aes, -0.3709523809523669
14:16:09.727, s.aest, -511665.0
14:16:09.728, s.m, 4.790073729879034
14:16:09.926, s.aes, -0.36999999999994215
14:16:09.927, s.aest, -513544.0
14:16:09.928, s.m, 4.6904809113463655
14:16:10.126, s.aes, -0.34571428571427265
14:16:10.127, s.aest, -515357.0
14:16:10.128, s.m, 4.466487705835637
14:16:10.326, s.aes, -0.33000000000009916
14:16:10.327, s.aest, -517095.0
14:16:10.328, s.m, 4.288404213153608
14:16:10.526, s.aes, -0.32850000000006535
14:16:10.528, s.aest, -518763.0
14:16:10.528, s.m, 4.115508928069376
14:16:10.726, s.aes, -0.31350000000006234
14:16:10.727, s.aest, -520362.0
14:16:10.728, s.m, 3.98239340028676
14:16:10.927, s.aes, -0.30150000000006
14:16:10.928, s.aest, -521896.0
14:16:10.929, s.m, 3.791342711842578
14:16:11.128, s.aes, -0.287999999999955
14:16:11.129, s.aest, -523364.0
14:16:11.130, s.m, 3.6353977580380397
14:16:11.328, s.aes, -0.2847368421052879
14:16:11.329, s.aest, -524758.0
14:16:11.330, s.m, 3.494563900226509
14:16:11.528, s.aes, -0.2630000000000523
14:16:11.529, s.aest, -526093.0
14:16:11.530, s.m, 3.2896644256664
14:16:11.728, s.aes, -0.037499999999994135
14:16:11.729, s.aest, -527076.0
14:16:11.730, s.m, 1.6209471926220396
14:16:11.928, s.aes, -0.06947368421053235
14:16:11.929, s.aest, -526857.0
14:16:11.930, s.m, 0.07543444548520072
14:16:12.128, s.aes, 0.02210526315788839
14:16:12.129, s.aest, -526873.0
14:16:12.130, s.m, -0.286476553956744
14:16:12.156, spid.nto, false
14:16:12.157, spid.vsp, 0.0
14:16:12.228, spid.nto, false
14:16:12.229, spid.vsp, 0.0
14:16:12.328, s.aes, 0.004761904761906193
14:16:12.329, s.aest, -526917.0
14:16:12.330, s.m, 0.019928398350379933
14:16:12.528, s.aes, 0.0
14:16:12.529, s.aest, -526915.0
14:16:12.530, s.m, -4.8291172357260495E-6
14:16:12.728, s.m, -1.3641060936119065E-7
14:16:12.928, s.m, -3.8532620845544045E-9
14:16:13.128, s.m, -1.0884511667967639E-10
14:16:13.328, s.m, -3.0746051436525625E-12
14:16:13.528, s.m, -8.684998535299379E-14
14:16:13.728, s.m, -2.453297123823326E-15
14:16:13.928, s.m, -6.929957159229774E-17
14:16:14.128, s.m, -1.957541374112762E-18
14:16:14.328, s.m, -5.529569870803043E-20
14:16:14.528, s.m, -1.5619666261179861E-21
14:16:14.728, s.m, -4.412169116423678E-23
14:16:14.928, s.m, -1.2463285697918872E-24
14:16:15.128, s.m, -3.5205697308777703E-26
14:16:15.328, s.m, -9.944738113515604E-28
14:16:15.528, s.m, -2.8091423748551086E-29
14:16:15.728, s.m, -7.935131918136479E-31
14:16:15.928, s.m, -2.241478364423448E-32
14:16:16.128, s.m, -6.3316215911862594E-34
14:16:16.328, s.m, -1.7885263855441139E-35
14:16:16.528, s.m, -5.052144360996432E-37
14:16:16.728, s.m, -1.427105736356412E-38
14:16:16.928, s.m, -4.031220482266054E-40
14:16:17.128, s.m, -1.1387200095020032E-41
14:16:17.328, s.m, -3.2166021822536057E-43
14:16:17.528, s.m, -9.0861050236603E-45
14:16:17.728, s.m, -2.5665997789985926E-46
14:16:17.928, s.m, -7.250009116559721E-48
14:16:17.929, spid.nto, false
14:16:18.028, spid.nto, false
14:16:18.128, s.m, -2.047948130452476E-49
14:16:18.328, s.m, -5.784946580886473E-51
14:16:18.527, s.m, -1.6341042258876045E-52
14:16:18.728, s.m, -4.61593998099553E-54
14:16:18.928, s.m, -1.3038887955007667E-55
14:16:19.128, s.m, -3.6831631217738886E-57
14:16:19.328, s.m, -1.040402419930696E-58
14:16:19.528, s.m, -2.938879326301257E-60
14:16:19.728, s.m, -8.301606694778994E-62
14:16:19.928, s.m, -2.3449984182077615E-63
14:16:20.128, s.m, -6.6240401208784295E-65
14:16:20.328, s.m, -1.8711273825311234E-66
14:16:20.528, s.m, -5.28547173291197E-68
14:16:20.727, s.m, -1.4930149438367694E-69
14:16:20.927, s.m, -4.2173976802101215E-71
14:16:21.127, s.m, -1.1913104598493758E-72
14:16:21.327, s.m, -3.3651571878225672E-74
14:16:21.527, s.m, -9.505736145543189E-76
14:16:21.728, s.m, -2.6851351846406108E-77
14:16:21.928, s.m, -7.584842298800169E-79
14:16:22.128, s.m, -2.1425302169793085E-80
14:16:22.327, s.m, -6.052117565312539E-82
14:16:22.528, s.m, -1.7095734162389316E-83
14:16:22.728, s.m, -4.829121764358726E-85
14:16:22.928, s.m, -1.3641073728385495E-86
14:16:23.128, s.m, -3.853265698053049E-88
14:16:23.328, s.m, -1.0884521875206928E-89
14:16:23.528, s.m, -3.074608026945022E-91
14:16:23.728, s.m, -8.685006679886931E-93
14:16:23.928, s.m, -2.4532994244677226E-94
14:16:24.128, s.m, -6.929963657980763E-96
14:16:24.328, s.m, -1.957543209849066E-97
14:16:24.528, s.m, -5.529575056303738E-99
14:16:24.728, s.m, -1.5619680908935862E-100
14:16:24.928, s.m, -4.412173254052202E-102
14:16:25.128, s.m, -1.2463297385695347E-103
14:16:25.328, s.m, -3.52057303238534E-105
14:16:25.528, s.m, -9.944747439457331E-107
14:16:25.728, s.m, -2.80914500920282E-108
14:16:25.928, s.m, -7.935139359516735E-110
14:16:26.128, s.m, -2.2414804664291887E-111
14:16:26.328, s.m, -6.331627528832205E-113
14:16:26.528, s.m, -1.7885280627821307E-114
14:16:26.728, s.m, -5.052149098778697E-116
14:16:26.928, s.m, -1.4271070746626373E-117
14:16:27.128, s.m, -4.031224262649898E-119
14:16:27.328, s.m, -1.1387210773668705E-120
14:16:27.528, s.m, -3.216605198707548E-122
14:16:27.728, s.m, -9.086113544396087E-124
14:16:27.928, s.m, -2.5666021858955556E-125
14:16:28.128, s.m, -7.25001591544791E-127
14:16:28.328, s.m, -2.0479500509701097E-128
14:16:28.528, s.m, -5.7849520058734415E-130
14:16:28.728, s.m, -1.6341057583121493E-131
14:16:28.928, s.m, -4.615944309715578E-133
14:16:29.128, s.m, -1.30389001825704E-134
14:16:29.328, s.m, -3.683166575757718E-136
14:16:29.528, s.m, -1.0404033955956379E-137
14:16:29.728, s.m, -2.9388820823132313E-139
14:16:29.928, s.m, -8.30161447983068E-141
14:16:30.128, s.m, -2.3450006172921752E-142
14:16:30.328, s.m, -6.624046332747605E-144
14:16:30.528, s.m, -1.8711291372304154E-145
14:16:30.728, s.m, -5.285476689503165E-147
14:16:30.928, s.m, -1.4930163439511012E-148
14:16:31.128, s.m, -4.217401635186566E-150
14:16:31.328, s.m, -1.1913115770323316E-151
14:16:31.528, s.m, -3.3651603435879036E-153
14:16:31.728, s.m, -9.50574505979918E-155
14:16:31.928, s.m, -2.6851377026972914E-156
14:16:32.128, s.m, -7.584849411687048E-158
14:16:32.328, s.m, -2.1425322261938011E-159
14:16:32.528, s.m, -6.052123240846178E-161
14:16:32.729, s.m, -1.70957501943671E-162
14:16:32.929, s.m, -4.829126292995643E-164
14:16:33.130, s.m, -1.3641086520663905E-165
14:16:33.330, s.m, -3.853269311555078E-167
14:16:33.530, s.m, -1.0884532082455784E-168
14:16:33.731, s.m, -3.0746109102401845E-170
14:16:33.931, s.m, -8.685014824482122E-172
14:16:34.132, s.m, -2.453301725114277E-173
14:16:34.332, s.m, -6.929970156737846E-175
14:16:34.532, s.m, -1.957545045587091E-176
14:16:34.733, s.m, -5.529580241809294E-178
14:16:34.933, s.m, -1.5619695556705595E-179
14:16:35.134, s.m, -4.4121773916846046E-181
14:16:35.333, s.m, -1.2463309073482786E-182
14:16:35.537, s.m, -3.5205763338960075E-184
14:16:35.740, s.m, -9.94475676540781E-186
14:16:35.845, s.m, -2.8091476435530035E-187
14:16:36.045, s.m, -7.935146800903975E-189
14:16:36.245, s.m, -2.241482568436902E-190
14:16:36.445, s.m, -6.3316334664837305E-192
14:16:36.645, s.m, -1.788529740021724E-193
14:16:36.844, s.m, -5.0521538365654155E-195
14:16:37.044, s.m, -1.4271084129701203E-196
14:16:37.244, s.m, -4.0312280430372926E-198
14:16:37.444, s.m, -1.1387221452327413E-199
14:16:37.644, s.m, -3.2166082151643262E-201
14:16:37.844, s.m, -9.086122065139879E-203
14:16:38.044, s.m, -2.5666045927947803E-204
14:16:38.244, s.m, -7.250022714342489E-206
14:16:38.445, s.m, -2.0479519714895494E-207
14:16:38.644, s.m, -5.78495743086551E-209
14:16:38.844, s.m, -1.634107290738134E-210
14:16:39.044, s.m, -4.6159486384396946E-212
14:16:39.244, s.m, -1.3038912410144626E-213
14:16:39.444, s.m, -3.6831700297447913E-215
14:16:39.645, s.m, -1.040404371261497E-216
14:16:39.845, s.m, -2.9388848383277963E-218
14:16:40.047, s.m, -8.301622264889685E-220
14:16:40.247, s.m, -2.3450028163786565E-221
14:16:40.447, s.m, -6.624052544622619E-223
14:16:40.648, s.m, -1.8711308919313567E-224
14:16:40.848, s.m, -5.285481646099018E-226
14:16:41.049, s.m, -1.493017744066749E-227
14:16:41.249, s.m, -4.2174055901667295E-229
14:16:41.449, s.m, -1.1913126942163381E-230
14:16:41.650, s.m, -3.3651634993562074E-232
14:16:41.850, s.m, -9.505753974063555E-234
14:16:42.050, s.m, -2.68514022075634E-235
14:16:42.250, s.m, -7.584856524580617E-237
14:16:42.450, s.m, -2.142534235410183E-238
14:16:42.651, s.m, -6.052128916385157E-240
14:16:42.851, s.m, -1.7095766226359967E-241
14:16:43.052, s.m, -4.829130821636819E-243
14:16:43.252, s.m, -1.3641099312954341E-244
14:16:43.452, s.m, -3.853272925060504E-246
14:16:43.653, s.m, -1.0884542289714235E-247
14:16:43.853, s.m, -3.074613793538057E-249
14:16:44.054, s.m, -8.685022969084968E-251
14:16:44.254, s.m, -2.453304025762994E-252
14:16:44.454, s.m, -6.929976655501036E-254
14:16:44.657, s.m, -1.9575468813268418E-255
14:16:44.861, s.m, -5.5295854273197264E-257
14:16:45.062, s.m, -1.56197102044891E-258
14:16:45.262, s.m, -4.412181529320897E-260
14:16:45.462, s.m, -1.2463320761281203E-261
14:16:45.662, s.m, -3.520579635409775E-263
14:16:45.862, s.m, -9.94476609136705E-265
14:16:49.063, s.m, -2.809150277905662E-266
14:16:49.264, s.m, -7.935154242298207E-268
14:16:49.464, s.m, -2.2414846704465906E-269
14:16:49.665, s.m, -6.331639404140832E-271
14:16:49.865, s.m, -1.7885314172628915E-272
14:16:50.064, s.m, -5.052158574356579E-274
14:16:50.265, s.m, -1.4271097512788586E-275
14:16:50.465, s.m, -4.031231823428233E-277
14:16:50.665, s.m, -1.1387232130996132E-278
14:16:50.865, s.m, -3.216611231623931E-280
14:16:51.064, s.m, -9.08613058589166E-282
14:16:51.265, s.m, -2.5666069996962606E-283
14:16:51.465, s.m, -7.250029513243437E-285
14:16:51.665, s.m, -2.0479538920107873E-286
14:16:51.865, s.m, -5.784962855862659E-288
14:16:52.064, s.m, -1.6341088231655546E-289
14:16:52.264, s.m, -4.615952967167867E-291
14:16:52.465, s.m, -1.3038924637730312E-292
14:16:52.665, s.m, -3.683173483735103E-294
14:16:52.865, s.m, -1.0404053469282703E-295
14:16:53.064, s.m, -2.938887594344943E-297
14:16:53.265, s.m, -8.301630049955982E-299
14:16:53.465, s.m, -2.3450050154671973E-300
14:16:53.665, s.m, -6.62405875650345E-302
14:16:53.865, s.m, -1.8711326466339404E-303
14:16:54.064, s.m, -5.285486602699509E-305
14:16:54.264, s.m, -1.493019144183707E-306
14:16:54.464, s.m, -4.217409545150594E-308
14:16:54.665, s.m, -1.19131381140139E-309
14:16:54.865, s.m, -3.3651666551273E-311
14:16:55.065, s.m, -9.5057628883E-313
14:16:55.265, s.m, -2.685142739E-314
14:16:55.465, s.m, -7.58486363E-316
14:16:55.666, s.m, -2.1425364E-317
14:16:55.867, s.m, -6.05216E-319
14:16:55.867, r.s, Disabled
14:26:25.567, spid.vsp, 0.0
14:26:25.568, r.s, Disabled
14:26:25.587, so.fe, false
14:26:25.588, so.su, false
14:26:25.589, s.sf, false
14:26:25.590, spid.nto, false
14:26:25.590, lms.s, false
14:26:25.591, i.jy, 0.0
14:26:25.591, i.jx, -0.0
14:26:25.592, dt.rps, 0.0
14:26:25.593, dt.rsp, -0.0
14:26:25.594, i.ld, false
14:26:25.595, s.aest, -526915.0
14:26:25.595, i.su, false
14:26:25.596, i.ssu, false
14:26:25.597, s.hf, false
14:26:25.597, i.ljs, 0.0
14:26:25.598, dt.le, 0.0
14:26:25.599, dt.re, 0.0
14:26:25.600, i.sf, false
14:26:25.601, i.sd, false
14:26:25.601, so.lu, false
14:26:25.602, i.ssd, false
14:26:25.603, so.sbu, false
14:26:25.604, so.sbrun, false
14:26:25.604, i.rjs, 0.0
14:26:25.605, s.m, -6.05216E-319
14:26:25.606, s.aes, 0.0
14:26:25.606, dt.lps, 0.0
14:26:25.607, so.lbu, false
14:26:25.608, so.fbe, false
14:26:25.609, s.sp, 0.0
14:26:25.610, i.lu, false
14:26:25.610, l.sl, true
14:26:25.988, r.s, Teleop
14:26:25.989, s.aest, 0.0
14:26:25.990, s.m, 0.0
14:26:29.588, dt.re, 236.8421052631563
14:26:29.589, dt.le, -49.99999999999885
14:26:29.590, dt.rsp, 0.3949652777777778
14:26:29.591, dt.rps, -0.30812774122807085
14:26:29.591, dt.lps, 0.4884548611111117
14:26:29.592, i.jx, 0.1579861111111111
14:26:29.789, dt.re, 1812.4999999999582
14:26:29.790, dt.le, -2062.4999999999523
14:26:29.791, dt.rsp, 1.0026041666666667
14:26:29.791, dt.rps, -0.29765625000001683
14:26:29.793, dt.lps, 0.27213541666669067
14:26:29.793, i.jx, 0.4010416666666667
14:26:29.990, dt.re, 52.63157894736807
14:26:29.991, dt.le, 137.50000000000293
14:26:29.992, dt.rsp, -0.0
14:26:29.993, dt.rps, 0.02105263157894723
14:26:29.993, dt.lps, 0.06875000000000146
14:26:29.994, i.jx, -0.0
14:26:30.191, dt.re, -25.000000000000533
14:26:30.192, dt.le, -212.50000000000452
14:26:30.193, dt.rps, -0.010000000000000214
14:26:30.193, dt.lps, -0.10625000000000226
14:26:30.392, dt.re, -1137.5000000000243
14:26:30.393, dt.le, 1275.0000000000273
14:26:30.394, dt.rsp, -1.3407699037620295
14:26:30.395, dt.rps, 0.9125853018372605
14:26:30.396, dt.lps, -1.105500874890625
14:26:30.397, i.jx, -0.5363079615048119
14:26:30.593, dt.re, -2099.9999999999513
14:26:30.594, dt.le, 2449.9999999999436
14:26:30.595, dt.rsp, -1.2751531058617673
14:26:30.596, dt.rps, 0.4606561679790223
14:26:30.597, dt.lps, -0.4326990376203259
14:26:30.597, i.jx, -0.510061242344707
14:26:30.796, dt.re, 149.99999999999653
14:26:30.797, dt.le, -287.49999999999335
14:26:30.798, dt.rsp, -0.0
14:26:30.799, dt.rps, 0.05999999999999862
14:26:30.799, dt.lps, -0.14374999999999669
14:26:30.800, i.jx, -0.0
14:26:31.001, dt.re, -74.99999999999827
14:26:31.003, dt.le, 187.500000000004
14:26:31.003, dt.rsp, 0.024999999999999994
14:26:31.004, dt.rps, -0.05549999999999929
14:26:31.004, dt.lps, 0.06125000000000201
14:26:31.005, i.jy, -0.02777777777777777
14:26:31.202, dt.re, 1375.0000000000293
14:26:31.203, dt.le, 1725.0000000000368
14:26:31.204, dt.rsp, 0.9
14:26:31.205, dt.rps, -0.3679999999999883
14:26:31.206, dt.lps, -0.30749999999998157
14:26:31.206, i.jy, -1.0
14:26:31.403, dt.re, 1200.0000000000257
14:26:31.404, dt.le, 1262.5000000000268
14:26:31.405, dt.rps, -0.4379999999999897
14:26:31.406, dt.lps, -0.5387499999999866
14:26:31.604, dt.re, 374.99999999999136
14:26:31.605, dt.le, 249.99999999999423
14:26:31.606, dt.rsp, -0.0
14:26:31.607, dt.rps, 0.14999999999999655
14:26:31.608, dt.lps, 0.12499999999999711
14:26:31.608, s.m, 0.001312500000000028
14:26:31.609, i.jy, 0.0
14:26:31.805, dt.re, -62.500000000001336
14:26:31.806, dt.le, 287.50000000000614
14:26:31.807, dt.rsp, -0.4433070866141733
14:26:31.808, dt.rps, 0.4271732283464562
14:26:31.808, dt.lps, 0.7200492125984284
14:26:31.809, s.m, 3.7074876431250766E-5
14:26:31.809, i.jy, 0.4925634295713036
14:26:32.006, dt.re, -1162.5000000000248
14:26:32.007, dt.le, -1349.9999999999088
14:26:32.008, dt.rsp, -0.9
14:26:32.008, dt.rps, 0.45299999999999013
14:26:32.009, dt.lps, 0.49500000000004557
14:26:32.009, s.m, 1.0472734951561787E-6
14:26:32.010, i.jy, 1.0
14:26:32.207, dt.re, -1099.9999999999256
14:26:32.208, dt.le, -1200.0000000000257
14:26:32.208, dt.rsp, -0.15196850393700786
14:26:32.209, dt.rps, -0.28499212598422224
14:26:32.210, dt.lps, -0.40244094488190263
14:26:32.211, s.m, 2.9582884131534162E-8
14:26:32.211, i.jy, 0.16885389326334208
14:26:32.408, dt.re, 200.00000000000426
14:26:32.409, dt.le, -12.500000000000266
14:26:32.410, dt.rsp, -0.0
14:26:32.421, dt.rps, 0.08000000000000171
14:26:32.424, dt.lps, -0.006250000000000133
14:26:32.426, s.m, 8.356432561193259E-10
14:26:32.427, i.jy, 0.0
14:26:32.609, dt.re, 0.0
14:26:32.610, dt.le, 275.00000000000585
14:26:32.611, dt.rps, 0.0
14:26:32.611, dt.lps, 0.13750000000000293
14:26:32.612, s.m, 2.360485368474772E-11
14:26:32.810, dt.le, -262.50000000000557
14:26:32.811, dt.lps, -0.13125000000000278
14:26:32.811, s.m, 6.667786922207676E-13
14:26:33.010, dt.le, 199.9999999999865
14:26:33.011, dt.lps, 0.09999999999999325
14:26:33.011, s.m, 1.8834847711295556E-14
14:26:33.210, dt.le, 13.157894736842017
14:26:33.211, dt.lps, 0.006578947368421009
14:26:33.211, s.m, 5.320378297125289E-16
14:26:33.410, dt.le, 0.0
14:26:33.411, dt.lps, 0.0
14:26:33.411, s.m, 1.5028751842546605E-17
14:26:33.411, so.sbrun, true
14:26:33.412, so.lbu, true
14:26:33.412, so.lu, true
14:26:33.412, i.lu, true
14:26:33.611, s.m, 4.245250418882558E-19
14:26:33.611, i.lu, false
14:26:33.811, s.m, 1.1991781691412043E-20
14:26:34.011, s.m, 3.3873815192352563E-22
14:26:34.211, s.m, 9.568514381039769E-24
14:26:34.411, s.m, 2.7028684823442884E-25
14:26:34.611, s.m, 7.634934475644545E-27
14:26:34.811, s.m, 2.156680017106376E-28
14:26:35.011, s.m, 6.0920872484544756E-30
14:26:35.012, so.sbu, true
14:26:35.012, so.su, true
14:26:35.012, i.su, true
14:26:35.211, s.m, 1.720863862436902E-31
14:26:35.211, i.su, false
14:26:35.411, s.m, 4.861014480369653E-33
14:26:35.611, s.aes, -5.263157894736807E-4
14:26:35.612, s.aest, -1.0
14:26:35.612, s.m, 0.00414243421052638
14:26:35.811, s.aes, 0.0
14:26:35.811, s.m, 7.939871977189774E-4
14:26:36.011, s.m, 2.242817313784803E-5
14:26:36.012, so.sbu, false
14:26:36.012, so.su, false
14:26:36.012, i.sd, true
14:26:36.211, s.m, -1.1314542672608944E-4
14:26:36.212, i.sd, false
14:26:36.411, s.m, 0.0021655539217412057
14:26:36.611, s.m, 6.117153832667733E-5
14:26:36.811, s.m, 1.727944552054121E-6
14:26:36.812, so.lbu, false
14:26:36.812, so.lu, false
14:26:37.011, s.m, 4.88101567599681E-8
14:26:37.211, s.m, 1.3787661184501014E-9
14:26:37.411, s.m, 3.8946730262195566E-11
14:26:37.611, s.m, 1.100148732854952E-12
14:26:37.811, s.m, 3.107647872502368E-14
14:26:38.011, s.m, 8.778336065894263E-16
14:26:38.211, s.m, 2.4796626660191608E-17
14:26:38.211, so.sbu, true
14:26:38.212, so.lbu, true
14:26:38.212, so.su, true
14:26:38.213, so.lu, true
14:26:38.411, s.m, 7.004433290197659E-19
14:26:38.611, s.m, 1.9785790377524716E-20
14:26:38.811, s.m, 5.588996063553094E-22
14:26:39.011, s.m, 7.964527697368364E-5
14:26:39.210, s.m, 2.2497819444815236E-6
14:26:39.411, s.m, 6.35507714963122E-8
14:26:39.611, s.m, 1.7951520002562882E-9
14:26:39.811, s.m, 5.070860082652427E-11
14:26:39.811, so.sbu, false
14:26:39.812, so.lbu, false
14:26:39.812, so.su, false
14:26:39.813, so.lu, false
14:26:40.011, s.m, 1.4323924644914041E-12
14:26:40.211, s.m, 4.046154180729328E-14
14:26:40.411, s.aest, -2.0
14:26:40.411, s.m, 1.5441431250114612E-4
14:26:40.611, s.m, 4.361822137292504E-6
14:26:40.811, s.m, 1.2321067943254116E-7
14:26:41.011, s.m, 3.480396735216622E-9
14:26:41.210, s.m, 9.83125934399102E-11
14:26:41.410, s.m, 2.7770874311774377E-12
14:26:41.611, s.m, 7.844584636166165E-14
14:26:41.810, s.m, 2.2159009984026105E-15
14:26:42.010, s.m, 6.259371862831254E-17
14:26:42.210, s.m, 1.768117625536851E-18
14:26:42.410, r.s, Disabled
14:26:46.610, r.s, Teleop
14:26:46.710, s.m, 4.9944946653481046E-20
14:26:46.711, so.sbrun, false
14:26:46.910, s.m, 1.4108211242233764E-21
14:26:47.110, s.m, 3.9852204835945785E-23
14:26:47.310, s.m, 1.125726148423278E-24
14:26:47.510, s.m, 3.1798977408167625E-26
14:26:47.710, s.m, 8.982424061317515E-28
14:26:47.711, so.sbrun, true
14:26:47.711, so.fbe, true
14:26:47.711, so.fe, true
14:26:47.712, i.sf, true
14:26:47.910, s.m, 2.537312473344255E-29
14:26:47.911, so.fbe, false
14:26:47.911, so.fe, false
14:26:47.912, i.sf, false
14:26:48.110, s.m, 7.167279726987238E-31
14:26:48.310, s.m, 2.0245791255333706E-32
14:26:48.511, s.m, 5.718934926052408E-34
14:26:48.711, s.m, 1.6154575672514495E-35
14:26:48.712, so.fbe, true
14:26:48.713, so.fe, true
14:26:48.713, i.sf, true
14:26:48.911, s.m, 4.563267785582872E-37
14:26:48.912, so.fbe, false
14:26:48.912, so.fe, false
14:26:48.912, i.sf, false
14:26:49.111, s.m, 1.2890102039861994E-38
14:26:49.311, s.m, 3.641134783345423E-40
14:26:49.511, s.sp, -0.25
14:26:49.512, s.aes, -0.32100000000000684
14:26:49.512, s.aest, -682.0
14:26:49.513, s.m, -0.33169994343745113
14:26:49.711, s.sp, -0.5
14:26:49.712, s.aes, -0.2010000000000043
14:26:49.712, s.aest, -1976.0
14:26:49.713, s.m, -3.7276385745402925
14:26:49.713, i.ssu, true
14:26:49.912, s.aes, -0.5684999999999112
14:26:49.913, s.aest, -4042.0
14:26:49.913, s.m, -0.2143235012284131
14:26:49.914, i.ssu, false
14:26:50.112, s.sp, -0.75
14:26:50.113, s.aes, -0.6960000000000148
14:26:50.113, s.aest, -7034.0
14:26:50.114, s.m, -1.5307030024788946
14:26:50.312, s.sp, -0.8
14:26:50.313, s.aes, -0.8085000000000172
14:26:50.313, s.aest, -11008.0
14:26:50.314, s.m, -0.11035697011013873
14:26:50.512, s.aes, -0.7910000000000169
14:26:50.513, s.aest, -14866.0
14:26:50.513, s.m, -0.4872490891965845
14:26:50.712, s.sp, -0.75
14:26:50.713, s.aes, -0.6955000000000149
14:26:50.713, s.aest, -18555.0
14:26:50.713, s.m, -0.7373949399706944
14:26:50.912, s.sp, -0.5
14:26:50.913, s.aes, -0.45199999999992935
14:26:50.913, s.aest, -21771.0
14:26:50.914, s.m, 0.6156960016543571
14:26:51.113, s.sp, -0.25
14:26:51.114, s.aes, -0.23450000000000498
14:26:51.114, s.aest, -23428.0
14:26:51.115, s.m, 0.3657773947788019
14:26:51.314, s.aes, -0.22950000000000487
14:26:51.315, s.aest, -24588.0
14:26:51.315, s.m, -0.2958570168268734
14:26:51.514, s.aes, -0.21850000000000466
14:26:51.515, s.aest, -25695.0
14:26:51.515, s.m, -0.44513786797962573
14:26:51.714, s.aes, -0.20900000000000443
14:26:51.715, s.aest, -26751.0
14:26:51.716, s.m, -0.5719952350927702
14:26:51.914, s.aes, -0.20099999999996856
14:26:51.915, s.aest, -27754.0
14:26:51.915, s.m, -0.6988891739566803
14:26:52.114, s.aes, -0.18200000000000388
14:26:52.115, s.aest, -28704.0
14:26:52.115, s.m, -0.8444582952768187
14:26:52.314, s.aes, -0.1745000000000037
14:26:52.315, s.aest, -29601.0
14:26:52.315, s.m, -0.9725303328409268
14:26:52.514, s.aes, -0.16700000000000356
14:26:52.515, s.aest, -30447.0
14:26:52.515, s.m, -1.0952761396287751
14:26:52.714, s.aes, -0.1545000000000033
14:26:52.715, s.aest, -31238.0
14:26:52.716, s.m, -1.2342475882496335
14:26:52.914, s.aes, -0.1439999999999775
14:26:52.915, s.aest, -31978.0
14:26:52.916, s.m, -1.365942988968161
14:26:53.114, s.aes, -0.13000000000000275
14:26:53.115, s.aest, -32665.0
14:26:53.115, s.m, -1.5021414228586851
14:26:53.314, s.aes, -0.12150000000000258
14:26:53.315, s.aest, -33299.0
14:26:53.315, s.m, -1.632985387739927
14:26:53.514, s.aes, -0.11350000000000242
14:26:53.515, s.aest, -33882.0
14:26:53.515, s.m, -1.7585887019902537
14:26:53.714, s.aes, -0.09956521739130571
14:26:53.715, s.aest, -34417.0
14:26:53.715, s.m, -1.9005524170298995
14:26:53.914, s.aes, -0.09099999999998577
14:26:53.915, s.aest, -34886.0
14:26:53.916, s.m, -2.025325243311893
14:26:54.114, s.aes, -0.16631578947366754
14:26:54.115, s.aest, -35368.0
14:26:54.116, s.m, -1.745008105779643
14:26:54.314, s.aes, -0.22200000000000472
14:26:54.315, s.aest, -36761.0
14:26:54.316, s.m, 0.07563878559344131
14:26:54.514, s.sp, -3.0
14:26:54.515, s.aes, -0.28050000000000597
14:26:54.515, s.aest, -37932.0
14:26:54.516, s.m, -34.99364713084583
14:26:54.714, s.aes, -0.6290000000000134
14:26:54.715, s.aest, -40313.0
14:26:54.716, s.m, -31.371145831456968
14:26:54.914, s.aes, -0.8859999999998615
14:26:54.915, s.aest, -44146.0
14:26:54.916, s.m, -27.96914064550866
14:26:55.114, s.aes, -1.075263157894629
14:26:55.115, s.aest, -49040.0
14:26:55.115, s.m, -25.496998946179374
14:26:55.314, s.aes, -1.1985000000000257
14:26:55.315, s.aest, -54729.0
14:26:55.316, s.m, -23.641068672621476
14:26:55.514, s.aes, -1.3185000000000282
14:26:55.515, s.aest, -61018.0
14:26:55.516, s.m, -22.175990978769356
14:26:55.714, s.aes, -1.3815000000000295
14:26:55.724, s.aest, -67750.0
14:26:55.725, s.m, -21.156370758556726
14:26:55.914, s.aes, -1.4470000000002878
14:26:55.915, s.aest, -74822.0
14:26:55.915, s.m, -20.379000756247468
14:26:56.114, s.aes, -1.543157894736976
14:26:56.114, s.aest, -82158.0
14:26:56.115, s.m, -19.651284169456552
14:26:56.313, s.aes, -1.5165000000003017
14:26:56.314, s.aest, -89622.0
14:26:56.315, s.m, -19.408729217906593
14:26:56.513, s.sp, 0.0
14:26:56.514, s.aes, -1.3289999999997921
14:26:56.515, s.aest, -96979.0
14:26:56.515, s.m, 17.82907250121636
14:26:56.713, s.aes, -1.1780000000002344
14:26:56.714, s.aest, -102925.0
14:26:56.715, s.m, 14.843713649186453
14:26:56.913, s.aes, -1.1324999999998229
14:26:56.914, s.aest, -108633.0
14:26:56.915, s.m, 14.234261294547695
14:26:57.113, s.aes, -1.130526315789149
14:26:57.114, s.aest, -114152.0
14:26:57.114, s.m, 13.813432831165036
14:26:57.313, s.aes, -1.0052380952383972
14:26:57.314, s.aest, -119485.0
14:26:57.315, s.m, 13.127122354650187
14:26:57.513, s.aes, -1.0284999999998392
14:26:57.514, s.aest, -124637.0
14:26:57.515, s.m, 12.863972722583014
14:26:57.713, s.aes, -0.995000000000198
14:26:57.714, s.aest, -129626.0
14:26:57.715, s.m, 12.460998747870526
14:26:57.913, s.aes, -0.9624999999998496
14:26:57.914, s.aest, -134452.0
14:26:57.914, s.m, 12.031473412738897
14:26:58.113, s.aes, -0.9489473684207801
14:26:58.114, s.aest, -139118.0
14:26:58.115, s.m, 11.661236910127224
14:26:58.313, s.aes, -0.8561904761907334
14:26:58.314, s.aest, -143635.0
14:26:58.315, s.m, 11.109977445051227
14:26:58.513, s.aes, -0.8650000000001722
14:26:58.514, s.aest, -148007.0
14:26:58.514, s.m, 10.824258044691282
14:26:58.713, s.aes, -0.797142857142827
14:26:58.714, s.aest, -152229.0
14:26:58.715, s.m, 10.394633288166942
14:26:58.913, s.aes, -0.7761904761904468
14:26:58.914, s.aest, -156321.0
14:26:58.915, s.m, 10.080232127478062
14:26:59.113, s.aes, -0.7669999999998801
14:26:59.114, s.aest, -160278.0
14:26:59.114, s.m, 9.768778113808537
14:26:59.313, s.aes, -0.7921052631579635
14:26:59.314, s.aest, -164107.0
14:26:59.314, s.m, 9.599043487663275
14:26:59.513, s.aes, -0.7052380952380685
14:26:59.514, s.aest, -167815.0
14:26:59.514, s.m, 9.151780455613006
14:26:59.713, s.aes, -0.2890476190476081
14:26:59.714, s.aest, -170483.0
14:26:59.714, s.m, 5.184332832220465
14:26:59.813, r.s, Disabled
14:27:02.213, s.aes, -0.08952380952380613
14:27:02.214, s.aest, -180640.0
14:27:02.214, s.m, 1.7177051198255346
14:27:02.413, s.aes, -0.07761904761904467
14:27:02.414, s.aest, -181071.0
14:27:02.414, s.m, 1.0525552871681003
14:27:02.613, s.aes, -0.06899999999998921
14:27:02.614, s.aest, -181444.0
14:27:02.614, s.m, 0.8989539892105165
14:27:02.813, s.aes, 0.06350000000001263
14:27:02.814, s.aest, -181600.0
14:27:02.814, s.m, -0.11730984548414361
14:27:03.013, s.aes, -0.012500000000002488
14:27:03.014, s.aest, -181587.0
14:27:03.014, s.m, 0.20317098379804602
14:27:03.213, s.aes, 0.0
14:27:03.214, s.aest, -181567.0
14:27:03.214, s.m, -0.012755190897260392
14:27:03.413, s.m, -3.6030257247461606E-4
14:27:03.613, s.m, -1.0177655887510764E-5
14:27:03.813, s.sp, -0.92
14:27:03.814, s.aes, -0.23100000000004595
14:27:03.814, s.aest, -181933.0
14:27:03.815, s.m, -9.921931787493453
14:27:03.815, so.sbu, true
14:27:03.816, so.su, true
14:27:04.016, s.aes, -0.5960000000001185
14:27:04.017, s.aest, -184117.0
14:27:04.018, s.m, -5.330084396216161
14:27:04.123, s.aes, -0.8544999999998664
14:27:04.123, s.aest, -187800.0
14:27:04.124, s.m, -1.849386695690824
14:27:04.323, dt.re, -12.500000000002487
14:27:04.324, dt.rps, -0.005000000000000995
14:27:04.324, s.aes, -0.9090000000001809
14:27:04.325, s.aest, -192406.0
14:27:04.325, s.m, -0.2107264980394666
14:27:04.523, dt.re, 0.0
14:27:04.524, dt.rps, 0.0
14:27:04.524, s.aes, -0.9134999999998572
14:27:04.525, s.aest, -196831.0
14:27:04.525, s.m, -0.5424296880872753
14:27:04.723, s.aes, -0.9060000000001803
14:27:04.723, s.aest, -201331.0
14:27:04.724, s.m, -0.5077085669338176
14:27:04.923, s.aes, -0.9025000000001796
14:27:04.923, s.aest, -205810.0
14:27:04.924, s.m, -0.4994410294198224
14:27:05.123, s.aes, -0.9044999999998585
14:27:05.124, s.aest, -210289.0
14:27:05.124, s.m, -0.5384981491311265
14:27:05.323, s.aes, -0.9065000000001803
14:27:05.324, s.aest, -214784.0
14:27:05.324, s.m, -0.479280672710016
14:27:05.523, s.aes, -0.9029999999998588
14:27:05.524, s.aest, -219258.0
14:27:05.524, s.m, -0.5048150091283969
14:27:05.722, s.aes, -0.8985000000001787
14:27:05.723, s.aest, -223740.0
14:27:05.724, s.m, -0.5396647398364494
14:27:05.924, s.aes, -0.90450000000018
14:27:05.925, s.aest, -228221.0
14:27:05.925, s.m, -0.557721190152286
14:27:06.124, s.aes, -0.8994999999998594
14:27:06.125, s.aest, -232711.0
14:27:06.125, s.m, -0.5072144371350805
14:27:06.324, s.aes, -0.9010000000001793
14:27:06.324, s.aest, -237189.0
14:27:06.325, s.m, -0.5189501844151928
14:27:06.524, s.aes, -0.9089999999998579
14:27:06.525, s.aest, -241676.0
14:27:06.525, s.m, -0.4996838366605644
14:27:06.724, s.aes, -0.9015000000001794
14:27:06.725, s.aest, -246159.0
14:27:06.725, s.m, -0.4939215346531546
14:27:06.924, s.aes, -0.9040000000001799
14:27:06.924, s.aest, -250639.0
14:27:06.925, s.m, -0.5180956441796735
14:27:07.124, s.aes, -0.9124999999998574
14:27:07.125, s.aest, -255120.0
14:27:07.125, s.m, -0.4995640683585516
14:27:07.324, s.aes, -0.9010000000001793
14:27:07.325, s.aest, -259607.0
14:27:07.325, s.m, -0.5111549501939335
14:27:07.524, s.aes, -0.9104999999998576
14:27:07.525, s.aest, -264093.0
14:27:07.525, s.m, -0.4694510368096708
14:27:07.724, s.aes, -0.90500000000018
14:27:07.725, s.aest, -268566.0
14:27:07.726, s.m, -0.5175380168659376
14:27:07.726, so.fbe, true
14:27:07.727, so.fe, true
14:27:07.727, i.sf, true
14:27:07.925, s.aes, -0.9030000000001798
14:27:07.926, s.aest, -273056.0
14:27:07.926, s.m, -0.5032443583109034
14:27:07.927, so.fbe, false
14:27:07.927, so.fe, false
14:27:07.928, i.sf, false
14:27:08.125, s.aes, -0.9034999999998587
14:27:08.126, s.aest, -277536.0
14:27:08.126, s.m, -0.5119700628280461
14:27:08.325, s.aes, -0.9055000000001802
14:27:08.326, s.aest, -282018.0
14:27:08.326, s.m, -0.5038845464803617
14:27:08.525, s.aes, -0.9069999999998583
14:27:08.526, s.aest, -286500.0
14:27:08.526, s.m, -0.5086955352309924
14:27:08.725, s.aes, -0.9105000000001812
14:27:08.726, s.aest, -290985.0
14:27:08.726, s.m, -0.48015036649728426
14:27:08.925, s.aes, -0.8804761904764551
14:27:08.925, s.aest, -295481.0
14:27:08.926, s.m, -0.5718095043560243
14:27:09.125, s.aes, -0.9054999999998584
14:27:09.126, s.aest, -299944.0
14:27:09.126, s.m, -0.5215786105874067
14:27:09.325, s.aes, -0.9010000000001793
14:27:09.326, s.aest, -304429.0
14:27:09.326, s.m, -0.5030481339749567
14:27:09.525, s.aes, -0.9239999999998555
14:27:09.526, s.aest, -308918.0
14:27:09.527, s.m, -0.44297634687418214
14:27:09.725, s.aes, -0.924500000000184
14:27:09.726, s.aest, -313397.0
14:27:09.726, s.m, -0.45887871397588065
14:27:09.924, s.aes, -0.8920000000001775
14:27:09.925, s.aest, -317870.0
14:27:09.926, s.m, -0.5490796659656644
14:27:09.927, so.fbe, true
14:27:09.927, so.fe, true
14:27:09.928, i.sf, true
14:27:10.124, s.aes, -0.9109999999998576
14:27:10.125, s.aest, -322358.0
14:27:10.126, s.m, -0.49726022975795603
14:27:10.325, s.aes, -0.9075000000001806
14:27:10.326, s.aest, -326840.0
14:27:10.326, s.m, -0.4889852756316141
14:27:10.327, so.fbe, false
14:27:10.328, so.fe, false
14:27:10.328, i.sf, false
14:27:10.526, s.aes, -0.915499999999857
14:27:10.527, s.aest, -331322.0
14:27:10.527, s.m, -0.4677984012654506
14:27:10.726, s.aes, -0.9105000000001812
14:27:10.727, s.aest, -335803.0
14:27:10.727, s.m, -0.4948880379403727
14:27:10.926, s.aes, -0.8965000000001784
14:27:10.927, s.aest, -340279.0
14:27:10.927, s.m, -0.5244821114153528
14:27:11.126, s.aes, -0.8944999999998602
14:27:11.126, s.aest, -344756.0
14:27:11.127, s.m, -0.5572612334733076
14:27:11.325, s.aes, -0.9080000000001806
14:27:11.326, s.aest, -349244.0
14:27:11.327, s.m, -0.509007495899672
14:27:11.525, s.aes, -0.8979999999998596
14:27:11.527, s.aest, -353726.0
14:27:11.527, s.m, -0.5141136160691385
14:27:11.726, s.aes, -0.8900000000001771
14:27:11.726, s.aest, -358201.0
14:27:11.727, s.m, -0.5642694756544298
14:27:11.926, s.aes, -0.8940000000001779
14:27:11.936, s.aest, -362683.0
14:27:11.936, s.m, -0.555949597750403
14:27:12.125, s.aes, -0.8919999999998606
14:27:12.126, s.aest, -367164.0
14:27:12.127, s.m, -0.5575230663083385
14:27:12.326, s.aes, -0.8955000000001782
14:27:12.326, s.aest, -371649.0
14:27:12.327, s.m, -0.5388602513985806
14:27:12.327, so.fbe, true
14:27:12.327, so.fe, true
14:27:12.328, i.sf, true
14:27:12.527, s.aes, -0.8934999999998603
14:27:12.527, s.aest, -376128.0
14:27:12.528, s.m, -0.5552968176228096
14:27:12.528, so.sbu, false
14:27:12.528, so.fbe, false
14:27:12.529, so.su, false
14:27:12.529, so.fe, false
14:27:12.530, i.sf, false
14:27:12.728, s.aes, -0.8915000000001774
14:27:12.728, s.aest, -380611.0
14:27:12.729, s.m, -0.5638402295738997
14:27:12.929, s.aes, -0.9075000000001806
14:27:12.929, s.aest, -385102.0
14:27:12.930, s.m, -0.46064912661713786
14:27:13.129, s.aes, -0.8924999999998604
14:27:13.129, s.aest, -389569.0
14:27:13.133, s.m, -0.5601358982651437
14:27:13.329, s.aes, -0.8940000000001779
14:27:13.329, s.aest, -394051.0
14:27:13.330, s.m, -0.5524672860230858
14:27:13.529, s.aes, -0.9069999999998583
14:27:13.530, s.aest, -398537.0
14:27:13.530, s.m, -0.486205457485843
14:27:13.728, s.aes, -0.8945000000001779
14:27:13.729, s.aest, -402988.0
14:27:13.729, s.m, -0.526168624736265
14:27:13.929, s.aes, -0.8733333333333002
14:27:13.929, s.aest, -407479.0
14:27:13.930, s.m, -0.628277098437311
14:27:14.129, s.aes, -0.8704761904761575
14:27:14.130, s.aest, -411959.0
14:27:14.131, s.m, -0.6284967615767437
14:27:14.329, s.aes, -0.869999999999967
14:27:14.330, s.aest, -416438.0
14:27:14.330, s.m, -0.6167717301818612
14:27:14.529, s.aes, -0.8795238095237762
14:27:14.530, s.aest, -420915.0
14:27:14.530, s.m, -0.6181614146402317
14:27:14.729, s.aes, -0.9075000000001806
14:27:14.730, s.aest, -425383.0
14:27:14.730, s.m, -0.5291596636263403
14:27:14.929, s.aes, -0.8979999999998596
14:27:14.930, s.aest, -429869.0
14:27:14.930, s.m, -0.5109606996353577
14:27:15.129, s.aes, -0.8900000000001771
14:27:15.130, s.aest, -434346.0
14:27:15.130, s.m, -0.5237347083298192
14:27:15.329, s.aes, -0.888999999999861
14:27:15.330, s.aest, -438821.0
14:27:15.330, s.m, -0.5424339546693991
14:27:15.529, s.aes, -0.8869999999998613
14:27:15.530, s.aest, -443295.0
14:27:15.530, s.m, -0.5757461511222446
14:27:15.729, s.aes, -0.9005000000001792
14:27:15.730, s.aest, -447783.0
14:27:15.731, s.m, -0.5254906742370313
14:27:15.929, s.aes, -0.8874999999998613
14:27:15.930, s.aest, -452259.0
14:27:15.931, s.m, -0.5559647368803471
14:27:16.129, s.aes, -0.8890000000001768
14:27:16.130, s.aest, -456739.0
14:27:16.130, s.m, -0.5542906188813377
14:27:16.329, s.aes, -0.8939999999998604
14:27:16.330, s.aest, -461216.0
14:27:16.330, s.m, -0.5490937601112528
14:27:16.529, s.aes, -0.9009999999998591
14:27:16.530, s.aest, -465703.0
14:27:16.530, s.m, -0.526010397797305
14:27:16.729, s.aes, -0.8945000000001779
14:27:16.730, s.aest, -470182.0
14:27:16.730, s.m, -0.5204156887921964
